职位名,公司名,工作地点,薪资,发布日期
"

                    阿里集团-Java研发工程师-企业云管理平台                
",阿里巴巴集团,北京,,10-17
"

                    生态金融-Java资深架构师                
",美团点评,上海-长宁区,3-4万/月,10-17
"

                    Java开发工程师                
",中国电信股份有限公司上海研究院,上海-浦东新区,20-35万/年,10-17
"

                    软件开发工程师（Java）                
",华为技术有限公司,南京-雨花台区,15-22万/年,10-17
"

                    Java开发工程师                
",广州夏晖物流有限公司成都分公司,成都-双流区,,10-17
"

                    Java开发工程师                
",同程艺龙,苏州,1-1.5万/月,10-17
"

                    Java开发工程师                
",江苏富士通通信技术有限公司,苏州-高新区,0.6-1万/月,10-17
"

                    Java讲师                
",如皋中软国际信息技术有限公司,常州-武进区,0.6-1.2万/月,10-17
"

                    Java中级开发工程师                
",航天信息江苏有限公司苏州分公司,苏州,0.6-1万/月,10-17
"

                    高级JAVA开发工程师(APP)(J20627)                
",京东方健康投资管理有限公司,北京-朝阳区,1.5-3万/月,10-17
"

                    移动平台后台开发工程师（java方向）                
",国泰君安期货有限公司,上海,25-50万/年,10-17
"

                    JAVA开发工程师                
",航天信息股份有限公司广州航天软件...,广州-天河区,0.6-1.5万/月,10-17
"

                    Java软件工程师                
",上海南康科技有限公司,上海,0.6-1万/月,10-17
"

                    Java开发工程师                
",广州智扫技术服务有限公司,广州-海珠区,1-1.5万/月,10-17
"

                    Java软件开发工程师（靠近2号线威宁路站）                
",上海求步信息系统有限公司,上海-长宁区,0.8-1万/月,10-17
"

                    Java开发工程师                
",马上消费金融股份有限公司,重庆,0.8-1.3万/月,10-17
"

                    Java开发工程师                
",深圳市华傲数据技术有限公司,大连-沙河口区,0.8-1.5万/月,10-17
"

                    Java架构师                
",湖南维益智信智能科技有限公司,长沙-芙蓉区,1.3-1.8万/月,10-17
"

                    Java开发工程师（近地铁）                
",深圳市泰帝斯科技有限公司,深圳-龙华新区,6-8千/月,10-17
"

                    JAVA开发工程师                
",中铁建网络信息科技有限公司,北京,,10-17
"

                    开发项目经理(java方向)                
",武汉崧岳科技有限公司,武汉-东湖新技...,1.5-2万/月,10-17
"

                    Java开发工程师                
",深圳先牛信息技术有限公司,深圳-南山区,0.7-1.6万/月,10-17
"

                    java服务端程序（3年经验）                
",上海姚际信息科技有限公司,上海-徐汇区,1.5-3万/月,10-17
"

                    软件编程（Java/web）计算机开发实习生                
",合肥优创云软件科技有限公司,合肥-蜀山区,4.5-6千/月,10-17
"

                    Java 专家                
",东莞市海映广告传媒有限公司,异地招聘,60-80万/年,10-17
"

                    Java工程师                
",云南腾云信息产业有限公司,昆明,12-22.5万/年,10-17
"

                    Java后台开发工程师                
",北京天意君泰科技有限公司,北京-朝阳区,1.2-2万/月,10-17
"

                    Java开发工程师（深圳）                
",上海恒格信息科技有限公司,深圳-福田区,1.5-2万/月,10-17
"

                    Java高级开发工程师                
",北京华胜云图科技有限公司,北京-朝阳区,1.5-2.5万/月,10-17
"

                    高级Java开发工程师                
",青岛民航凯亚系统集成有限公司,青岛-城阳区,18-30万/年,10-17
"

                    JAVA架构师 - 智慧医疗平台                
",广东博成网络科技有限公司,广州-海珠区,2-3万/月,10-17
"

                    Java高级开发工程师                
",陕西集群物联网服务管理股份有限公...,西安-雁塔区,1-1.5万/月,10-17
"

                    JAVA开发                
",成都金秋行健康管理有限公司,成都-青羊区,0.5-2万/月,10-17
"

                    Java初级开发工程师（临地铁）                
",广州天朝文化传播有限公司,广州-天河区,4.5-6千/月,10-17
"

                    Java开发实习生                
",青岛好驻大数据科技有限公司,青岛-市北区,4.5-6千/月,10-17
"

                    Java软件工程师                
",上海届远信息技术有限公司,上海-宝山区,0.8-1万/月,10-17
"

                    Java开发工程师                
",浙江帕特纳服饰发展有限公司,绍兴,6-8千/月,10-17
"

                    Java开发工程师                
",安徽富驰信息技术有限公司,合肥,0.8-1.6万/月,10-17
"

                    Java开发工程师                
",上海汉得信息技术股份有限公司,上海-静安区,1-1.5万/月,10-17
"

                    Java架构师                
",东莞市创慧教育信息科技有限公司,东莞-南城区,2-3万/月,10-17
"

                    Java开发工程师                
",哦加哦网络科技（上海）有限公司,上海-静安区,0.8-1.7万/月,10-17
"

                    Java高级开发工程师                
",魔方元科技,成都-锦江区,1.2-1.8万/月,10-17
"

                    JAVA开发工程师（越秀区）                
",广州煜晨信息科技有限公司,广州-越秀区,1-1.5万/月,10-17
"

                    Java高级开发工程师                
",上海凯融信息科技有限公司,上海-普陀区,1.5-2.5万/月,10-17
"

                    Java开发工程师                
",北京星宇三鼎科技有限公司,北京-海淀区,0.9-1.3万/月,10-17
"

                    Java初级开发工程师                
",福州量子中金数码技术有限公司,福州-晋安区,0.5-1万/月,10-17
"

                    Java开发工程师                
",上海泛微网络科技股份有限公司,苏州-工业园区,0.8-1万/月,10-17
"

                    Java高级软件开发工程师                
",深圳市协尔信息系统有限公司武汉分...,武汉-洪山区,0.8-1.2万/月,10-17
"

                    Java开发工程师                
",福建未来无线信息技术有限公司,福州-晋安区,0.6-1.5万/月,10-17
"

                    初级Java程序开发助理                
",湖北华体康健康科技有限公司,武汉-洪山区,5-8千/月,10-17
"

                                    java开发经理                                
",上海美武信息技术有限公司,上海-闵行区,2.5-3.5万/月,10-17
"

                                    JAVA工程师                                
",珠海学友教育科技股份有限公司,珠海,0.6-1万/月,10-17
"

                                    Java游戏软件开发（五险+旅游）                                
",湖北省零度银色冰雪实业有限公司,武汉-洪山区,5-8千/月,10-17
"

                                    Java开发工程师                                
",湖北融汇信息科技有限公司,武汉-武昌区,5-6千/月,10-17
"

                                    Java开发工程师                                
",广州市小犬吠吠健康科技有限公司,广州-海珠区,1-1.8万/月,10-17
"

                                    Java开发实习生（五险一金）                                
",厦门五颗星信息科技有限公司,厦门,3-4.5千/月,10-17
"

                                    Java开发工程师                                
",广东思顿科技有限公司,中山,0.5-1万/月,10-17
"

                                    初级Java开发工程师                                
",厦门谦迅达网络科技有限公司,厦门,4-6千/月,10-17
"

                                    Java高级开发工程师（南京）                                
",上海瓦杜信息技术有限公司,南京-六合区,1-3万/月,10-17
"

                                    Java开发工程师                                
",成都市文景智旅网络科技有限公司,成都-高新区,1-1.5万/月,10-17
"

                                    Java开发工程师                                
",武汉云聚兴财科技有限公司,武汉-武昌区,0.4-1万/月,10-17
"

                                    Java高级开发工程师                                
",上海九鸽信息科技有限公司,上海-长宁区,1.5-2万/月,10-17
"

                                    Java开发工程师                                
",泉后（广州）生物科技有限公司,广州-白云区,1-1.5万/月,10-17
"

                                    JAVA高级开发工程师（财务线）                                
",百丽新零售,深圳-南山区,1.8-2.8万/月,10-17
"

                                    Java开发工程师                                
",苏州工业园区测绘地理信息有限公司,苏州-工业园区,0.6-1.4万/月,10-17
"

                                    Java后台架构工程师                                
",青岛浩大海洋生物科技股份有限公司,青岛-城阳区,7-9千/月,10-17
"

                                    Java开发工程师                                
",上海芮想信息科技有限公司,上海-长宁区,1.6-2.2万/月,10-17
"

                                    高级Java开发工程师                                
",大连东软思维科技发展有限公司,上海-长宁区,1.8-3万/月,10-17
"

                                    java工程师（YYCP1hsp）                                
",北京东方国信科技股份有限公司,北京,1.2-2.4万/月,10-17
"

                                    Java高级开发工程师                                
",北京英赛虎信息技术有限责任公司,北京-海淀区,1.2-2.5万/月,10-17
"

                                    Java高级开发工程师（金融科技）                                
",上海指旺信息科技有限公司,上海-宝山区,1.5-2.5万/月,10-17
"

                                    Java高级开发工程师                                
",普康迪（北京）数码科技股份有限公司,沈阳,0.8-1.2万/月,10-17
"

                                    Java高级开发工程师                                
",江苏谷德运维信息技术有限公司,南京-江宁区,1.8-2.5万/月,10-17
"

                                    Java开发工程师（3-4年经验）                                
",上海金指软件技术有限公司,上海-浦东新区,1.2-1.8万/月,10-17
"

                                    2020届-Java研发实习生                                
",北京亚鸿世纪科技发展有限公司,北京-海淀区,4-8千/月,10-17
"

                                    android、java开发工程师                                
",深圳市天狐互娱科技有限公司,深圳-龙岗区,1-1.5万/月,10-17
"

                                    双休JAVA开发工程师                                
",杭州翰禹信息技术有限公司,杭州-萧山区,1-1.5万/月,10-17
"

                                    Java开发工程师                                
",上海红星美凯龙网络技术有限公司,上海-闵行区,1.5-2.5万/月,10-17
"

                                    Java高级开发工程师                                
",深圳市德富莱智能科技股份有限公司,深圳-宝安区,1-1.5万/月,10-17
"

                                    知名上市企业Java开发工程师                                
",万宝盛华企业管理咨询（上海）有限...,上海-长宁区,1.3-1.7万/月,10-17
"

                                    Java开发工程师                                
",南京英斯特网络科技有限公司,南京-秦淮区,0.7-1.2万/月,10-17
"

                                    ERP开发顾问（.net/java）                                
",无锡优服普联信息科技有限公司,异地招聘,7.5-8.5万/年,10-17
"

                                    Java高级开发工程师                                
",武汉市三环电脑技术有限公司,武汉,1-1.5万/月,10-17
"

                                    Java高级开发工程师                                
",广州数梦未来科技有限公司,广州-天河区,1-2万/月,10-17
"

                                    Java开发工程师                                
",上海浩方信息技术有限公司,天津-东丽区,1.3-1.8万/月,10-17
"

                                    Java资深开发工程师                                
",深圳市云图数字科技有限公司,深圳,3-4万/月,10-17
"

                                    Java中高级开发工程师                                
",上海东富龙智能控制技术有限公司,上海-闵行区,1.5-2.5万/月,10-17
"

                                    Java初级开发工程师                                
",深圳市瑞源祥橡塑制品有限公司,深圳-南山区,0.8-1.2万/月,10-17
"

                                    Java开发工程师                                
",上海迈志信息科技有限公司,上海-黄浦区,0.8-1万/月,10-17
"

                                    Java开发工程师                                
",四川浦思金融服务外包有限公司,成都,6-8千/月,10-17
"

                                    java开发工程师                                
",泛微天津,天津-南开区,6-8千/月,10-17
"

                                    Java开发工程师                                
",浙江远传信息技术股份有限公司,银川,0.6-1.2万/月,10-17
"

                                    Java数据开发助理/双休                                
",湖北华奥星空体育产业联盟发展有限...,武汉-洪山区,4.5-7.5千/月,10-17
"

                                    Java开发工程师                                
",北京旭豪科技有限公司,北京-昌平区,0.8-1万/月,10-17
"

                                    Java中级开发工程师                                
",广州十分网络技术有限公司,广州-番禺区,1-1.6万/月,10-17
"

                                    Java高级开发工程师                                
",大连智仁智矿科技有限公司,大连-高新园区,0.6-1.1万/月,10-17
"

                                    Java开发高级工程师                                
",江苏隆创信息技术有限公司,南京,1.5-2万/月,10-17
"

                                    Java服务器开发工程师                                
",上海孚盟软件有限公司,上海-闵行区,1-2.5万/月,10-17
"

                                    Java开发工程师                                
",深圳市洋贸国际电子商务有限公司,深圳-南山区,1.2-1.8万/月,10-17
"

                                    大数据工程师(Java方向)                                
",康成投资（中国）有限公司----大润...,上海-静安区,1-2万/月,10-17
"

                    Java实习生                
",西安天服至兴网络科技有限公司,重庆,4.5-6千/月,10-17
"

                    Java开发工程师                
",深圳市劳资创联科技有限公司,深圳-龙岗区,0.8-1.6万/月,10-17
"

                    Java开发工程师                
",上海朗光企业管理咨询有限公司,上海-闵行区,0.8-1万/月,10-17
"

                    Java高级开发工程师                
",广西车便捷环保科技有限公司,广州-海珠区,1.5-2万/月,10-17
"

                    Java工程师                
",深圳市振耀科技有限公司,深圳-龙岗区,0.7-1.2万/月,10-17
"

                    Java开发工程师                
",上海秉坤数码科技有限公司,上海-黄浦区,1-1.5万/月,10-17
"

                    JAVA高级软件工程师                
",广东铭太信息科技有限公司,广州,1.5-2万/月,10-17
"

                    Java开发工程师（双休+五险一金）                
",湖南文盾信息技术有限公司,长沙-开福区,0.5-1万/月,10-17
"

                    高级Java开发工程师                
",长沙迪迈数码科技股份有限公司,长沙-岳麓区,0.8-1.5万/月,10-17
"

                    Java中级软件工程师                
",上海奇昭电子商务有限公司,上海-黄浦区,0.8-1万/月,10-17
"

                    JAVA高级工程师                
",广州源典科技有限公司,广州-黄埔区,1-2万/月,10-17
"

                    Java高级开发工程师                
",深圳市天一泓电讯有限公司,深圳,1.5-2万/月,10-17
"

                    Java中级开发工程师（周末双休+五险一金）                
",广州悦云信息科技有限公司,广州-越秀区,0.7-1万/月,10-17
"

                    JAVA研发工程师                
",武汉中地云申科技有限公司,武汉-东湖新技...,0.6-1.2万/月,10-17
"

                    Java中级开发工程师                
",志鸿六维软件科技（上海）有限公司...,上海-静安区,6-8千/月,10-17
"

                    Java开发工程师                
",上海数慧系统技术有限公司,深圳-福田区,0.8-1.6万/月,10-17
"

                    java开发工程师                
",珠海赞同科技有限公司,成都-高新区,1-1.5万/月,10-17
"

                    java开发工程师（急聘）                
",上海兴候信息科技有限公司,上海-宝山区,4.5-6千/月,10-17
"

                    Java开发助理(实习)                
",深圳市蓝色希翼科技有限公司,深圳-龙华新区,6-8千/月,10-17
"

                    Java项目经理                
",上海盛大汽车服务有限公司,上海,1.5-2.2万/月,10-17
"

                    Java开发实习生                
",上海金丘信息科技股份有限公司,上海-浦东新区,160元/天,10-17
"

                    Java高级开发工程师                
",深圳巴伦如梭网络有限公司,深圳-南山区,1.5-2.5万/月,10-17
"

                    java高级开发师                
",北京鑫瑞天翔科技发展有限公司,北京,2-2.5万/月,10-17
"

                    JAVA高级开发工程师(花都，双休）                
",广州樊文花化妆品有限公司,广州-花都区,0.8-1万/月,10-17
"

                    Java工程师                
",江苏银润投资发展有限公司,南京-建邺区,1-1.2万/月,10-17
"

                    java游戏服务端工程师                
",南宁市欢乐果科技有限公司,南宁,6-8千/月,10-17
"

                    Java开发工程师                
",南京泛盈信息科技有限公司,南京-雨花台区,0.6-1万/月,10-17
"

                    Java开发实习生                
",北方互联,青岛-市北区,3-4.5千/月,10-17
"

                    Java研发工程师                
",同方知网（北京）技术有限公司,北京,,10-17
"

                    Java高级开发工程师                
",杭州艾芯智能科技有限公司,杭州-滨江区,1.8-2.5万/月,10-17
"

                    Java中级开发工程师                
",广州通赢科技有限公司,广州-白云区,0.8-1.2万/月,10-17
"

                    Java开发工程师（福州）                
",天宇正清科技有限公司,福州-晋安区,1.5-2万/月,10-17
"

                    Java开发工程师                
",上海泰锌智能科技有限公司,上海-虹口区,0.8-1万/月,10-17
"

                    Java开发/软件开发助理工程师                
",厦门智汇祥盈科技有限公司,厦门,3-4.5千/月,10-17
"

                    Java开发工程师                
",河南泓瑞祥医疗科技有限公司,郑州-金水区,0.8-1万/月,10-17
"

                    JAVA技术专家                
",广州邓盛柏资讯科技顾问有限公司,广州-荔湾区,2-2.5万/月,10-17
"

                    Java高级开发工程师                
",北京关键科技股份有限公司,西安,1-1.4万/月,10-17
"

                    Java开发工程师                
",上海双湖信息科技有限公司,异地招聘,0.8-1万/月,10-17
"

                    Java开发工程师                
",广西申能达智能技术有限公司,南宁,0.6-1.5万/月,10-17
"

                    中级Java开发工程师                
",广州合富科技有限公司,广州-天河区,1-1.3万/月,10-17
"

                    Java初级工程师                
",武汉瑞莱保能源技术有限公司,武汉-东湖新技...,5-8千/月,10-17
"

                    JAVA/J2EE开发工程师（长沙）                
",英立视数码电视集团,异地招聘,0.8-1.5万/月,10-17
"

                    Java开发工程师                
",苏州宽连信息技术有限公司,南京-雨花台区,1.1-1.5万/月,10-17
"

                    Java开发工程师                
",深圳中航信息科技产业股份有限公司...,深圳-福田区,1.2-1.8万/月,10-17
"

                    Java高级开发工程师                
",青岛乾程控股集团有限公司,青岛-崂山区,1.5-2万/月,10-17
"

                    Java高级开发工程师                
",广州皇瑞科技股份有限公司,广州-天河区,1.5-2万/月,10-17
"

                    Java高级开发工程师                
",成都四象联创科技有限公司,成都-高新区,1-1.5万/月,10-17
"

                    中级Java开发工程师                
",广东医睦科技有限公司,广州-天河区,0.8-1.5万/月,10-17
"

                    JAVA开发工程师                
",每利控股,沈阳,5-7千/月,10-17
"

                    Java高级开发工程师                
",深圳市佳创视讯技术股份有限公司,武汉-洪山区,1.5-1.8万/月,10-17
"

                    Java初，中级开发工程师                
",格尔软件股份有限公司,上海,0.6-1万/月,10-17
"

                    Java开发工程师                
",福州海牛网络技术有限公司,福州,0.8-1.3万/月,10-17
"

                    Java开发工程师                
",中全（上海）科技发展有限公司,上海-浦东新区,1.2-2万/月,10-17
"

                    Java开发工程师                
",达瑟儿（上海）生命科技有限公司,上海-浦东新区,1.2-2万/月,10-17
"

                    JAVA工程师                
",广州南联航空食品有限公司,广州,0.8-1万/月,10-17
"

                    Java开发工程师                
",华生科仪（广州）有限公司,广州,1.2-1.8万/月,10-17
"

                    高级java开发工程师                
",石竹计算机软件有限公司,北京-海淀区,1.8-2.5万/月,10-17
"

                    Java中级开发工程师                
",广州维朗网络科技有限公司,广州-白云区,1.5-2万/月,10-17
"

                    高级JAVA开发工程师（急聘）                
",广东云林信息工程技术股份有限公司...,广州-黄埔区,0.8-1.5万/月,10-17
"

                    Java高级开发工程师                
",深圳市邦德培训中心,深圳-福田区,1.7-2万/月,10-17
"

                    Java开发工程师（大数据方向）                
",南京金盾公共安全技术研究院有限公...,南京-雨花台区,1.2-2万/月,10-17
"

                    Java开发工程师                
",广东天骄智能制造要素配置有限公司...,佛山-禅城区,0.6-1万/月,10-17
"

                    Java开发工程师                
",上海思加软件有限公司,上海-长宁区,0.8-1万/月,10-17
"

                    Java高级开发工程师                
",上海迪璞电子科技股份有限公司,上海-浦东新区,1.2-2.5万/月,10-17
"

                    Java开发工程师-CRM                
",敦煌网,北京-海淀区,1.5-2.5万/月,10-17
"

                    Java开发工程师/Java中级开发工程师                
",上海卓希智能科技有限公司,上海-松江区,2-2.5万/月,10-17
"

                    软件工程师 Java                
",吉林省澎兴电子产业有限公司,长春-高新技术...,0.8-1万/月,10-17
"

                    java服务端程序                
",广州市漫灵软件有限公司,广州,1.1-2万/月,10-17
"

                    292181-Java高级开发工程师                
",平安城市建设科技（深圳）有限公司...,成都-高新区,20-30万/年,10-17
"

                    JAVA/.NET软件开发实习生                
",大连星宇科技有限公司,大连,3-4.5千/月,10-17
"

                    Java开发工程师 福田                
",深圳市雁联技术服务有限公司,深圳-福田区,1.5-2万/月,10-17
"

                    Java资深开发工程师                
",南京德乐科技有限公司,南京-鼓楼区,1.2-1.8万/月,10-17
"

                    Java开发工程师                
",深圳市云房网络科技有限公司,深圳-南山区,0.9-1.8万/月,10-17
"

                    Java开发工程师                
",山东万腾电子科技有限公司,异地招聘,0.7-1.5万/月,10-17
"

                    Java开发工程师                
",南京思美软件系统有限公司,南京-江宁区,1.1-1.9万/月,10-17
"

                    Java开发工程师                
",北京正通科技有限公司,异地招聘,1-1.5万/月,10-17
"

                    高级JAVA软件工程师                
",上海若雅软件系统有限公司南京办事...,南京-雨花台区,1.5-2万/月,10-17
"

                    Java开发工程师                
",上海羿海信息科技有限公司,成都-高新区,1-1.5万/月,10-17
"

                    JAVA软件开发工程师                
",广州天源信息科技股份有限公司,上海,0.6-1万/月,10-17
"

                    Java中级开发工程师                
",深圳市泓健体育文化有限公司,深圳-南山区,1-1.6万/月,10-17
"

                    Java开发工程师（武汉）                
",北京泛鹏天地科技股份有限公司,武汉-洪山区,1-1.5万/月,10-17
"

                    Java开发实习生                
",福建索天信息科技股份有限公司,福州-鼓楼区,2-3.5千/月,10-17
"

                    Java 开发工程师（软件公司YF）                
",深圳市今天国际物流技术股份有限公...,深圳-龙岗区,0.9-1.8万/月,10-17
"

                    Java开发工程师                
",云南索引科技股份有限公司,昆明-五华区,4-8千/月,10-17
"

                    java开发工程师                
",成都龙捷科技有限公司,深圳-龙岗区,6-8千/月,10-17
"

                    java开发工程师4                
",深圳神木源科技有限公司,深圳-南山区,6-8千/月,10-17
"

                    java开发工程师                
",深圳神木源科技有限公司,深圳-龙华新区,6-8千/月,10-17
"

                    Java开发工程师                
",武汉鑫越龙科技有限公司,武汉-东西湖区,0.6-1万/月,10-17
"

                    Java开发工程师--数字化产品部（成都）                
",中移物联网有限公司,成都-高新区,0.8-1.2万/月,10-17
"

                    Java高级研发工程师                
",西安中服软件有限公司,西安,1-1.5万/月,10-17
"

                    初级Java前端工程师                
",浙江联泰信息系统有限公司,杭州-滨江区,6-8千/月,10-17
"

                    Java开发工程师                
",无锡斑目信息技术有限公司,无锡,0.6-1万/月,10-17
"

                    java高级开发工程师                
",上海巴士拓华科技发展有限公司,上海,1-2万/月,10-17
"

                    高级Java开发（东吴）(J10162)                
",上海耸智信息科技有限公司,苏州,1-1.5万/月,10-17
"

                    Java高级开发工程师                
",湖南继教云科技有限公司,长沙-天心区,1-1.5万/月,10-17
"

                    初级Java开发工程师/Java实习生                
",南京柯普瑞信息技术有限公司,南京,4.5-6千/月,10-17
"

                    Java高级开发工程师                
",重庆齐祥控股集团有限公司,重庆-江北区,0.9-1.8万/月,10-17
"

                    Java开发工程师                
",南宁市创勤信息技术有限责任公司,南宁,5-8千/月,10-17
"

                    Java开发工程师                
",西安天服至兴网络科技有限公司,重庆-渝中区,0.7-1万/月,10-17
"

                    JAVA软件工程师                
",上海天臣防伪技术股份有限公司,上海-杨浦区,0.9-1.3万/月,10-17
"

                    Java定岗实习生 五险一金                
",长春中软卓越科技有限公司,长春-朝阳区,4.5-6千/月,10-17
"

                    Java开发工程师                
",上海栖盟科技有限公司,上海-杨浦区,0.9-1.5万/月,10-17
"

                    Java开发工程师                
",广州领易信息科技有限公司,广州-黄埔区,6-8千/月,10-17
"

                    软件工程师-JAVA                
",上海盛巨信息技术有限公司,成都-青羊区,6-8.5千/月,10-17
"

                    JAVA高级开发工程师                
",北京思诺博信息技术股份有限公司,南京,1-2万/月,10-17
"

                    Java软件开发工程师                
",北京世纪互联软件开发有限公司,北京-朝阳区,0.6-1.5万/月,10-17
"

                    Java开发经理                
",宏智科技（苏州）股份有限公司,苏州,1-1.5万/月,10-17
"

                    初级Java 软件开发工程师                
",临沂影漫文化传媒有限公司,临沂,3-4.5千/月,10-17
"

                    中高级JAVA开发工程师                
",上海嘉岩供应链管理股份有限公司,上海-嘉定区,2-2.5万/月,10-17
"

                    Java开发工程师                
",长沙南益网络科技有限公司,长沙-开福区,0.8-1万/月,10-17
"

                    Java开发工程师                
",沈阳甜程网络科技有限公司,沈阳-和平区,0.6-1万/月,10-17
"

                    Java前端开发工程师web                
",广州市九芯电子科技有限公司,广州-天河区,0.8-1万/月,10-17
"

                    Java开发工程师                
",常州市联拓计算机有限公司,常州,3-4.5千/月,10-17
"

                    Java开发实习生                
",上海天好信息技术股份有限公司,苏州-工业园区,3-4千/月,10-17
"

                    JAVA工程师                
",南京永利翡翠珠宝有限公司,南京-鼓楼区,0.8-1.5万/月,10-17
"

                    Java实习生五险双休3千起                
",南京问持新能源科技有限公司,武汉-江夏区,4.5-6千/月,10-17
"

                    Java高级开发工程师                
",上海讯轻信息科技有限公司,上海,1.8-3万/月,10-17
"

                    JAVA开发经理/开发组长                
",深圳市科荣软件股份有限公司,深圳-罗湖区,1.5-3万/月,10-17
"

                    Java开发工程师（初中级）                
",苏州工业园区凌志软件股份有限公司...,上海,1-1.2万/月,10-17
"

                    Java高级开发工程师                
",广州云徙科技有限公司,广州-黄埔区,2-3万/月,10-17
"

                    Java开发工程师                
",深圳市利谱信息技术有限公司,深圳-南山区,1.5-2.5万/月,10-17
"

                    Java 软件工程师（spring方向）                
",惠州高视科技有限公司,惠州,5-9千/月,10-17
"

                    Java高级开发工程师                
",南京弘丞聚合信息技术有限公司,南京-建邺区,1.3-1.8万/月,10-17
"

                    中高级JAVA开发工程师（五险一金，双休+带薪年假）                
",长沙丹渥智能科技有限公司,长沙-岳麓区,0.8-1.5万/月,10-17
"

                    JAVA开发工程师（金融方向）                
",上海亚太神通计算机有限公司,上海-浦东新区,1-1.5万/月,10-17
"

                    Java高级开发工程师                
",武汉风河信息科技有限公司,武汉-洪山区,0.8-1万/月,10-17
"

                    JAVA 研发工程师（2-3年）                
",济南瀚盟网络技术有限公司,济南,0.8-1.2万/月,10-17
"

                    高级JAVA开发工程师（招商101）                
",广东中广建筑工程有限公司,广州,6-8千/月,10-17
"

                    Java开发岗                
",陕西长银消费金融有限公司,西安,,10-17
"

                    JAVA 开发工程师                
",易谷网络科技股份有限公司,杭州,0.8-1.6万/月,10-17
"

                    JAVA工程师                
",无锡德望科荣科技系统有限公司,无锡-滨湖区,0.5-1万/月,10-17
"

                    JAVA游戏后端工程师                
",上海沐睦网络科技有限公司,上海-闵行区,4.5-6千/月,10-17
"

                    Java开发工程师（接受转行）                
",大连易拓科技有限公司,大连-高新园区,1.5-2万/月,10-17
"

                    Java开发工程师                
",广州市鹤驰信息科技有限公司,广州-天河区,0.7-1.2万/月,10-17
"

                    Java架构师(双休 7险1金)                
",广东盟讯科技有限公司,广州-番禺区,2-3万/月,10-17
"

                    资深Java后端开发                
",苏州车图网络科技有限公司,苏州-工业园区,1.5-2.5万/月,10-17
"

                    高级java工程师                
",南京乐尔博信息科技有限公司,南京-秦淮区,1-2万/月,10-17
"

                    JAVA工程师-2020届秋招                
",广州赛意信息科技股份有限公司,异地招聘,5-7千/月,10-17
"

                    长期日本出差JAVA，SAP等软件工程师（上海/西安）                
",大连华小讯科技有限公司,异地招聘,2.5-3万/月,10-17
"

                    中高级Java开发工程师                
",龙裁信息技术（上海）有限公司,苏州,0.8-1.2万/月,10-17
"

                    JAVA高级开发工程师                
",北京唯正科技有限公司,广州-白云区,6-8千/月,10-17
"

                    Java开发工程师                
",东方永德软件（北京）有限公司,杭州-拱墅区,1-2万/月,10-17
"

                    JAVA研发工程师                
",江苏国贸酝领智能科技股份有限公司...,苏州,0.8-1万/月,10-17
"

                    Java架构师                
",深圳市享往科技有限公司,深圳-南山区,0.8-2万/月,10-17
"

                    JAVA开发工程师                
",成都伊高智能科技有限公司,成都-成华区,4-6千/月,10-17
"

                    Java高级软件工程师/项目经理                
",上海城市房地产估价有限公司,上海,25-45万/年,10-17
"

                    Java高级程序经理                
",广州市中智软件开发有限公司,广州-越秀区,1.6-2万/月,10-17
"

                    资深java软件工程师                
",大连陆泽科技有限公司,大连-沙河口区,0.9-1.6万/月,10-17
"

                    Java开发工程师                
",深圳市华威世纪科技股份有限公司,深圳-福田区,6-8千/月,10-17
"

                    Java开发实习生                
",青岛快时代传媒科技有限公司,青岛-市北区,4.5-6千/月,10-17
"

                    Java开发工程师-2020届                
",南京合荣欣业信息技术有限公司,南京-秦淮区,5-9千/月,10-17
"

                    武汉Java开发                
",福建八萃网络科技有限公司,武汉-武昌区,6-7千/月,10-17
"

                    Java Engineer                
",哈曼智联科技（成都）有限公司,成都,,10-17
"

                    java服务端开发                
",武汉青橙互娱网络科技有限公司,武汉-江夏区,1-2万/月,10-17
"

                    Java高级开发工程师                
",上海鹰速国际货物运输有限公司,上海-宝山区,2-2.5万/月,10-17
"

                    Java高级开发工程师                
",上海天玑科技股份有限公司,上海,1.5-2万/月,10-17
"

                    Java高级开发工程师                
",好屋,上海-宝山区,2-3万/月,10-17
"

                    Java开发实习生                
",南京欣华软件技术有限公司,南京,2-3千/月,10-17
"

                    Java开发工程师                
",宜信公司,北京-朝阳区,3-4万/月,10-17
"

                    Java开发工程师                
",和同软件科技（上海）有限公司,上海-静安区,1.5-3万/月,10-17
"

                    中级JAVA开发工程师                
",沈阳邦睿科技有限公司,大连-甘井子区,5-8千/月,10-17
"

                    Java开发工程师                
",长沙三济生物科技有限公司,长沙,5-7千/月,10-17
"

                    Java开发工程师                
",中储南京智慧物流科技有限公司,南京,1.2-2万/月,10-17
"

                    java研发工程师                
",上海帕科信息科技有限公司,上海-徐汇区,1.5-2万/月,10-17
"

                    Java高级开发工程师                
",宏兆集团,深圳-南山区,0.8-1.5万/月,10-17
"

                    Java软件工程师/高级软件开发工程师                
",上海车团网络信息技术有限公司,上海-浦东新区,1.5-3万/月,10-17
"

                    Java开发工程师                
",广州市粤信游网络科技有限公司,广州-番禺区,1-1.5万/月,10-17
"

                    Java开发工程师                
",北京爱可生信息技术股份有限公司,天津,4-8千/月,10-17
"

                    Java开发工程师                
",成都众联汇达科技有限公司,成都-高新区,1.2-2万/月,10-17
"

                    行业JAVA 开发工程师                
",西安环太科技发展有限公司,西安-高新技术...,5-8千/月,10-17
"

                    Java开发工程师                
",合肥苍龙网络信息有限公司,合肥,10-15万/年,10-17
"

                    Java程序员                
",铜陵玉成软件科技有限责任公司,异地招聘,6-8千/月,10-17
"

                    Java开发工程师                
",福建瑞聚信息技术股份有限公司,成都,5-8千/月,10-17
"

                    Java开发工程师                
",西安盈达信息科技有限公司,西安-雁塔区,0.8-1.6万/月,10-17
"

                    Java中级开发工程师（非外包）                
",深圳市惠享天成科技有限公司,深圳-龙岗区,1.1-1.6万/月,10-17
"

                    Java开发工程师                
",重庆暖石科技有限公司,重庆-渝中区,1-1.5万/月,10-17
"

                    Java中级开发工程师                
",上海哇咕信息科技有限公司,上海-虹口区,1.8-3万/月,10-17
"

                    Java系统开发工程师                
",长光禹辰信息技术与装备（青岛）有...,青岛-城阳区,0.7-1.2万/月,10-17
"

                    Java开发工程师                
",四川语言桥信息技术有限公司,北京-朝阳区,1.5-2万/月,10-17
"

                    Java高级开发工程师 （研发部）                
",深圳市华云中盛科技有限公司,深圳-南山区,1.5-2.5万/月,10-17
"

                    Java初级开发工程师（五险双休+员工宿舍）                
",中联高科（大连）实业有限公司,大连-高新园区,4.5-6千/月,10-17
"

                    Java开发工程师                
",上海沪万智能科技有限公司,上海-长宁区,0.8-1.5万/月,10-17
"

                    JAVA软件工程师                
",浙江摩根智能技术有限公司,宁波-镇海区,6-8千/月,10-17
"

                    初级Java开发实习/助理                
",合肥微网网络科技有限公司,异地招聘,4.5-6千/月,10-17
"

                    Java开发工程师                
",云南朗睿信息科技有限公司,昆明,0.8-1万/月,10-17
"

                    Java研发工程师                
",北京亚鸿世纪科技发展有限公司,北京,,10-17
"

                    Java开发工程师                
",广州霆格科技有限公司,佛山-顺德区,1-1.5万/月,10-17
"

                    高级Java开发工程师 (ITS010)                
",冯氏咨询服务（广州）有限公司,广州-番禺区,2-2.5万/月,10-17
"

                    Java开发工程师                
",普华永道商务服务（成都）有限公司...,成都-高新区,1-1.5万/月,10-17
"

                    Java高级开发工程师                
",四川格物智享科技有限公司,成都-高新区,1-1.5万/月,10-17
"

                    JAVA技术经理(17)                
",上海复深蓝软件股份有限公司,上海-徐汇区,1.5-2万/月,10-17
"

                    Java中高级开发工程师                
",上海穗禾信息科技有限公司,上海-长宁区,1-2万/月,10-17
"

                    Java高级软件工程师                
",深圳启奥朗程科技有限公司,深圳-龙华新区,1.5-2万/月,10-17
"

                    JAVA开发工程师（中高级）                
",无锡智杰教育科技有限公司,无锡,0.9-1.3万/月,10-17
"

                    Java高级开发工程师                
",长沙思科电子商务有限公司,长沙-岳麓区,1-1.8万/月,10-17
"

                    Java开发工程师(J11753)                
",上海龙旗科技股份有限公司,上海-徐汇区,1-1.5万/月,10-17
"

                    Java开发工程师                
",深圳市亚太未来教育科技发展有限公...,东莞-东坑镇,1.6-2.6万/月,10-17
"

                    Java开发工程师                
",西安牛哞哞软件科技有限公司,西安-雁塔区,0.7-1.2万/月,10-17
"

                    Java开发工程师                
",善理通益信息科技（深圳）有限公司...,深圳-南山区,1-1.5万/月,10-17
"

                    Java开发经理                
",立得空间信息技术股份有限公司,北京-海淀区,2.5-3.5万/月,10-17
